from,to
wp1,wp177
wp1,wp2
wp2,wp3
wp3,wp4
wp4,wp5
wp5,wp6
wp6,wp201
wp6,wp7
wp7,wp202
wp7,wp13
wp7,wp8
wp8,wp9
wp8,wp10
wp9,LOT22
wp10,wp11
wp10,LOT22
wp11,LOT22
wp11,wp54
wp12,LOT22
wp12,AH
AH,LOT30
NAVY,LOT30
NAVY,LOT29
ARMY,LOT29
wp13,wp14
wp14,wp15
wp15,wp16
wp15,wp267
wp15,wp17
wp16,LOT29
wp17,wp18
wp18,wp788
wp18,wp19
wp19,wp20
wp20,wp23
wp20,wp21
wp21,wp269
wp21,wp22
wp22,wp23
wp22,wp38
wp22,wp24
wp23,WALKE
wp23,WALKO
wp24,wp25
wp24,LOT21
wp25,LOT21
wp25,wp26
wp26,wp27
wp26,LOT21
wp27,wp28
wp28,wp33
wp28,wp29
wp29,wp30
wp30,wp31
wp31,wp32
wp32,BCPD
wp33,wp34
wp33,BS12
wp33,900
wp33,LOT31
900,LOT31
wp34,wp35
wp35,wp36
wp35,LOT31
wp36,wp37
wp36,LOT31
wp37,wp38
wp38,wp39
wp38,wp792
wp39,wp40
wp40,wp270
wp40,wp41
wp40,wp793
wp41,wp42
wp42,wp43
wp43,wp44
wp44,wp45
wp44,wp66
wp45,wp46
wp46,wp47
wp47,wp50
wp47,wp48
wp48,wp49
wp50,wp51
wp51,wp53
wp52,wp53
wp53,wp55
wp55,wp56
wp56,wp57
wp57,wp58
wp58,wp59
wp60,wp61
wp61,wp62
wp62,wp63
wp63,wp64
wp64,wp65
wp65,wp66
wp66,wp67
wp67,wp68
wp69,wp70
wp70,wp71
wp70,LOT23
wp71,wp387
wp71,wp94
wp71,BS9
wp71,wp72
wp72,wp73
wp72,BS9
wp72,LOT23
wp73,wp306
wp73,LOT23
wp74,LOT24
wp74,wp306
wp75,wp306
wp75,wp307
wp75,wp76
wp75,wp83
wp76,wp308
wp76,wp309
wp77,BS7
wp77,wp83
wp78,BS8
wp78,wp79
wp78,wp309
wp79,wp80
wp80,wp81
wp81,wp82
wp82,TRC
wp83,wp84
wp84,wp90
wp84,wp86
wp85,wp401
wp85,wp96
wp86,wp87
wp87,wp88
wp88,wp89
wp89,FMGMT
FMGMT,LOT26
wp89,LOT26
WARE,LOT26
WARE,SLOT
wp90,wp91
wp91,wp92
wp92,SLOT
wp92,BS6
wp92,wp93
wp93,wp94
wp93,wp95
wp93,BS6
wp94,wp96
wp96,wp95
wp95,wp96
wp95,wp99
wp95,SLOT
wp96,wp97
wp97,wp98
wp98,wp99
wp98,wp102
wp99,SLOT
wp99,wp100
wp100,wp101
wp101,wp102
wp101,wp105
wp101,wp103
wp101,SLOT
wp102,wp103
wp102,wp402
wp102,wp112
wp103,wp104
wp103,SLOT
wp104,wp111
wp104,wp110
wp104,SLOT
wp105,SLOT
wp105,wp106
wp106,wp107
wp106,SLOT
wp107,wp108
wp107,SLOT
wp107,WARE
wp108,LOT27
wp109,LOT27
RSP,LOT27
wp109,wp110
wp110,wp111
wp111,wp112
wp112,wp114
wp112,wp113
wp113,wp114
wp113,wp117
wp113,wp116
wp114,wp115
wp114,wp116
wp115,wp402
wp115,wp349
wp115,wp406
wp116,wp127
wp116,wp118
wp117,wp118
wp117,CEIA
wp118,wp119
wp119,wp120
wp120,wp121
wp120,wp124
wp121,wp122
wp122,wp123
wp122,wp123
wp123,wp124
wp123,LOT28
wp123,wp126
wp124,wp125
wp125,wp126
wp126,LOT28
wp127,wp129
wp127,wp128
wp128,wp147
wp128,wp130
wp129,wp130
wp129,wp131
wp129,wp133
wp131,wp132
wp131,wp133
wp132,wp344
wp133,wp136
wp133,wp134
wp134,wp135
wp135,STAD
wp136,wp137
wp137,wp138
wp138,wp139
wp139,wp140
wp140,wp141
wp141,wp142
wp141,wp144
wp142,wp143
wp143,wp144
wp143,wp148
wp144,wp145
wp145,wp146
wp145,wp153
wp146,wp154
wp146,wp147
wp148,wp149
wp149,wp150
wp149,wp152
wp150,wp151
wp151,wp787
wp151,wp175
wp152,wp153
wp153,wp154
wp153,wp165
wp154,wp155
wp154,wp406
wp154,BS3
wp155,wp156
wp156,wp158
wp156,wp157
wp157,wp159
wp158,wp162
wp159,wp160
wp160,wp781
wp160,wp161
wp160,BS1
wp161,BS1
wp161,wp162
wp161,wp166
wp161,ADMIN-G
wp162,wp163
wp163,ADMIN-G
wp163,wp164
wp164,wp165
wp166,wp786
wp166,wp167
wp167,wp785
wp167,wp169
wp168,wp169
wp168,wp787
wp168,wp170
wp168,wp171
wp169,wp170
wp170,wp779
wp170,wp728
wp171,wp515
wp171,wp172
wp171,wp518
wp172,wp515
wp172,wp173
wp173,BS2
wp173,wp174
wp173,wp176
wp174,wp175
wp175,wp787
wp176,wp177
wp176,BS2
wp176,wp231
wp177,wp179
wp177,wp178
wp178,wp230
wp178,wp179
wp179,wp180
wp180,wp181
wp181,wp182
wp181,wp183
wp182,wp199
wp183,wp184
wp184,wp185
wp185,LOT9
wp185,wp186
wp186,LOT9
wp186,wp187
wp187,LOT9
wp187,wp188
wp188,LOT9
wp188,wp227
wp188,wp189
wp189,LOT9
wp189,wp223
wp190,wp191
wp190,wp220
wp191,wp193
wp191,wp192
wp192,wp193
wp192,wp245
wp193,wp194
wp194,wp195
wp195,wp196
wp195,wp220
wp196,wp197
wp196,wp684
wp196,wp250
wp197,wp220
wp197,wp198
wp197,FA
wp198,wp241
wp199,wp200
wp200,wp201
wp201,wp202
wp201,wp207
wp202,BS13
wp202,wp203
wp202,wp242
wp203,wp204
wp204,wp205
wp204,LOT8
wp205,LOT8
wp205,wp206
wp205,wp243
wp206,wp208
wp206,wp209
wp206,wp210
wp207,wp208
wp209,wp210
wp209,wp211
wp210,wp212
wp211,wp212
wp211,wp218
wp212,wp213
wp213,wp214
wp214,wp232
wp215,wp232
wp215,wp216
wp215,wp218
wp216,wp217
wp216,wp221
wp217,wp218
wp217,wp220
wp217,wp219
wp217,wp245
wp219,wp220
wp219,wp221
wp220,wp240
wp221,wp222
wp221,wp238
wp222,wp239
wp222,wp223
wp223,wp224
wp223,wp227
wp224,wp226
wp224,wp225
wp225,wp226
wp225,wp240
wp225,wp233
wp226,wp227
wp226,wp234
wp227,wp229
wp227,wp228
wp228,wp229
wp228,wp236
wp229,wp699
wp229,ITE
wp230,wp231
wp230,wp702
wp230,wp782
wp231,wp702
wp231,wp782
wp233,wp235
wp234,wp236
wp235,wp236
wp235,wp237
wp235,ENGN
wp236,ENGN
wp237,wp240
wp237,wp694
wp237,wp241
wp238,wp240
wp239,wp240
wp240,wp241
wp241,FA
wp242,BS13
wp242,wp267
wp243,wp244
wp243,wp245
wp244,wp252
wp244,LOT8
wp245,wp251
wp245,wp246
wp246,wp247
wp247,wp251
wp247,wp248
wp248,wp249
wp249,wp250
wp249,wp261
wp250,wp683
wp251,wp252
wp252,wp253
wp252,LOT8
wp253,LOT8
wp254,wp255
wp254,LOT8
wp254,wp256
wp255,LOT8
wp256,wp257
wp256,wp262
wp256,LOT8
wp257,wp258
wp257,wp262
wp257,SA2
wp258,wp259
wp259,wp260
wp260,wp261
wp261,wp681
wp262,wp264
wp262,wp263
wp262,LOT8
wp263,LOT8
wp264,UMBCPD
wp264,wp265
wp264,LOT8
wp265,wp266
wp265,LOT8
wp266,wp267
wp267,wp268
wp268,wp269
wp269,wp270
wp269,wp271
wp270,BS11
wp270,wp323
wp270,wp324
wp271,wp272
wp271,wp316
wp272,wp273
wp272,wp274
wp273,GREE
wp274,wp275
wp274,wp277
wp274,wp316
wp275,wp276
wp276,GREE
wp277,wp316
wp277,wp278
wp277,wp314
wp278,wp279
wp278,wp280
wp279,WALK-G
wp280,wp281
wp281,wp282
wp281,wp283
wp282,wp667
wp282,wp283
wp282,wp285
wp283,wp286
wp283,wp284
wp284,WALK-G
wp285,wp286
wp286,wp287
wp287,wp310
wp287,wp288
wp288,wp289
wp289,wp290
wp290,wp293
wp290,LOT7
wp290,wp291
wp291,wp292
wp291,wp298
wp291,wp761
wp291,wp764
wp292,wp293
wp292,wp297
wp293,wp294
wp293,LOT7
wp294,wp295
wp294,LOT7
wp294,wp297
wp295,wp296
wp295,LOT7
wp296,wp297
wp296,wp304
wp298,wp299
wp298,wp300
wp299,wp303
wp300,wp301
wp301,wp302
wp302,wp303
wp303,ERIC
wp303,wp584
wp304,wp305
wp304,wp587
wp304,wp568
wp305,LOT7
wp307,LOT23
wp308,LOT23
wp309,BS8
wp310,wp311
wp310,wp604
wp311,wp312
wp312,wp667
wp312,wp624
wp312,wp313
wp313,wp630
wp313,wp314
wp314,wp315
wp314,wp632
wp315,wp318
wp315,wp656
wp315,wp647
wp316,wp317
wp317,wp318
wp317,wp319
wp319,wp320
wp320,wp321
wp321,wp322
wp321,wp647
wp321,wp650
wp322,wp323
wp324,BS11
wp324,wp325
wp324,wp652
wp325,wp655
wp325,wp326
wp326,wp327
wp327,wp328
wp328,wp329
wp329,wp330
wp330,wp331
wp331,wp332
wp332,wp333
wp333,wp334
wp334,wp335
wp334,wp523
wp335,wp514
wp335,BS10
wp335,wp336
wp336,BS10
wp336,wp337
wp337,wp338
wp338,wp339
wp339,wp340
wp340,wp350
wp340,wp380
wp341,wp406
wp341,wp342
wp341,wp345
wp342,wp343
wp343,wp344
wp345,wp346
wp345,COMM-G
wp246,COMM-G
wp346,wp347
wp347,COMM-G
wp347,wp407
wp347,wp348
wp348,COMM-G
wp348,wp409
wp349,wp407
wp349,wp419
wp350,wp351
wp350,LOT12
wp350,SATE
wp351,wp375
wp351,LOT12
wp351,wp352
wp351,SATE
wp352,wp354
wp352,wp353
wp353,wp492
wp354,wp355
wp355,RECC
wp355,wp361
wp356,RECC
wp356,wp36
wp356,wp358
wp356,wp492
wp357,wp359
wp357,wp482
wp358,wp359
wp358,wp360
wp359,wp360
wp360,wp361
wp361,wp362
wp361,wp363
wp362,TGRIT
wp362,wp363
wp362,wp364
wp363,wp364
wp364,wp365
wp365,wp366
wp365,wp398
wp365,wp367
wp366,POT
wp367,wp368
wp368,wp369
wp368,wp370
wp369,PTAP
wp369,wp370
wp370,wp371
wp371,wp373
wp371,wp372
wp372,wp374
wp372,wp373
wp373,PTAP
wp374,wp384
wp375,wp376
wp375,LOT12
wp376,LOT12
wp376,wp378
wp377,POT
wp377,wp378
wp378,wp379
wp379,wp380
wp380,wp381
wp381,wp382
wp382,wp383
wp382,wp384
wp383,wp384
wp383,wp385
wp385,wp386
wp385,wp387
wp386,wp390
wp387,wp391
wp387,wp401
wp388,wp391
wp388,wp389
wp389,wp390
wp390,PTAP
wp391,wp392
wp392,wp393
wp393,wp394
wp393,wp395
wp394,PTAP
wp394,wp397
wp395,wp438
wp395,wp440
wp395,wp396
wp396,wp397
wp396,wp398
wp396,wp440
wp396,wp399
wp397,PTAP
wp398,wp399
wp399,wp440
wp399,wp400
wp400,TGRIT
wp400,wp485
wp400,wp442
wp401,wp402
wp401,wp438
wp402,wp403
wp402,wp404
wp403,wp405
wp404,wp405
wp405,wp433
wp406,BS3
wp407,wp416
wp407,wp408
wp408,wp409
wp408,wp411
wp408,wp410
wp409,wp411
wp409,COMM-G
wp409,wp410
wp409,wp756
wp410,wp756
wp410,wp754
wp410,wp748
wp411,wp412
wp412,wp413
wp412,LOT2
wp413,wp414
wp413,LOT2
wp414,wp415
wp414,LOT2
wp415,wp416
wp415,wp453
wp415,wp418
wp417,BS4
wp417,wp419
wp417,wp418
wp417,wp421
wp418,wp422
wp418,wp427
wp419,BS4
wp419,wp420
wp420,wp421
wp420,LOT1
wp421,wp422
wp421,LOT1
wp422,LOT1
wp422,wp423
wp423,LOT1
wp423,wp424
wp424,wp425
wp424,SA1
wp425,wp426
wp425,SA1
wp426,wp427
wp426,wp428
wp426,LOT3
wp427,wp429
wp428,wp431
wp428,wp430
wp428,LOT3
wp429,wp430
wp429,wp452
wp429,wp434
wp431,wp432
wp431,LOT3
wp432,wp433
wp433,LOT3
wp434,wp435
wp434,LOT3
wp435,BS5
wp435,wp436
wp435,wp438
wp436,LOT3
wp436,wp437
wp437,wp438
wp437,LOT3
wp438,BS5
wp438,wp439
wp439,wp441
wp439,wp447
wp439,wp443
wp440,wp441
wp441,wp442
wp442,wp443
wp442,wp483
wp442,wp469
wp443,wp444
wp443,wp789
wp444,wp445
wp444,wp461
wp445,wp446
wp445,LOT4
wp446,wp447
wp446,LOT4
wp447,wp448
wp448,wp449
wp448,wp451
wp449,LOT4
wp449,wp450
wp450,LOT4
wp450,wp451
wp450,wp459
wp451,wp452
wp452,wp453
wp452,wp455
wp453,wp794
wp454,wp794
wp454,LOT2
wp454,wp455
wp455,wp456
wp456,LOT2
wp456,wp457
wp456,wp463
wp457,wp463
wp457,wp458
wp457,wp462
wp458,wp459
wp458,wp460
wp459,LOT4
wp459,wp460
wp460,LOT4
wp460,wp462
wp460,wp461
wp461,LOT4
wp462,PUB
wp462,wp464
wp463,PHYS
wp463,wp758
wp463,wp757
wp464,wp465
wp464,wp758
wp464,wp467
wp465,PUB
wp465,wp466
wp466,wp467
wp466,wp789
wp467,wp586
wp467,wp468
wp468,wp472
wp468,wp469
wp469,wp470
wp469,wp471
wp470,SUS
wp471,SUS
wp472,wp585
wp472,wp473
wp473,wp474
wp473,wp476
wp474,wp475
wp474,CFWB
wp475,wp476
wp476,wp477
wp477,wp584
wp477,wp478
wp477,wp488
wp478,wp479
wp479,wp480
wp480,wp481
wp480,wp482
wp482,wp483
wp483,wp484
wp483,wp485
wp486,wp581
wp486,wp488
wp486,wp546
wp487,wp488
wp487,CHES
wp488,wp489
wp489,wp490
wp489,wp795
wp490,wp491
wp490,wp499
wp491,CHES
wp492,wp494
wp493,wp494
wp493,wp496
wp494,wp495
wp495,wp497
wp496,wp497
wp496,wp499
wp497,wp504
wp497,HARB
wp497,wp498
wp498,HARB
wp498,wp499
wp498,wp500
wp500,wp501
wp501,wp502
wp501,wp795
wp502,wp503
wp502,wp505
wp502,LOT5
wp503,wp504
wp503,LOT5
wp505,wp506
wp505,wp512
wp506,wp511
wp506,wp508
wp506,LOT5
wp507,wp508
wp507,wp510
wp508,LOT5
wp508,wp509
wp509,LOT5
wp510,wp511
wp510,PRES
wp511,wp512
wp512,wp513
wp513,wp514
wp515,wp516
wp516,wp783
wp516,wp519
wp516,wp517
wp517,ADMIN
wp517,wp518
wp518,wp779
wp519,wp520
wp519,wp727
wp520,SHERH
wp520,wp521
wp520,UC
wp520,wp522
wp521,wp697
wp522,wp725
wp523,wp796
wp523,wp525
wp524,wp539
wp524,wp541
wp524,wp530
wp524,wp543
wp525,wp526
wp525,wp527
wp525,wp535
wp526,SDL
wp527,wp528
wp527,wp530
wp527,wp525
wp528,SDL
wp528,wp529
wp529,MAN
wp530,wp531
wp530,wp532
wp530,CAS
wp531,POC
wp532,wp533
wp532,wp548
wp533,POC
wp533,wp534
wp534,MAN
wp535,wp538
wp536,wp452
wp536,wp570
wp536,wp573
wp536,wp544
wp537,wp796
wp537,wp538
wp538,BRE
wp538,wp539
wp539,wp540
wp540,wp797
wp541,wp542
wp541,DPC
wp542,DPC
wp542,wp570
wp542,wp544
wp543,DPC
wp543,wp550
wp544,wp570
wp544,wp545
wp545,wp546
wp545,wp547
wp546,wp547
wp546,wp795
wp547,wp797
wp548,wp551
wp548,wp549
wp548,wp564
wp549,CAS
wp549,wp550
wp550,wp571
wp550,wp570
wp551,PTX
wp551,wp554
wp552,wp553
wp552,wp554
wp552,wp558
wp553,PTX
wp554,wp555
wp555,WIC
wp555,wp566
wp555,wp556
wp556,wp569
wp556,wp560
wp556,wp559
wp557,wp559
wp557,wp558
wp557,wp595
wp558,WIC
wp560,wp562
wp560,wp798
wp561,wp798
wp561,wp595
wp562,wp798
wp562,wp563
wp563,wp596
wp563,wp572
